eventName,sequence,eventGroup,sortKey,startDate,years,startYear,duration,precision,minYearLookup,maxYearLookup,preceedingEvent,participants,participantGroups,placeOccurred,versesDescribed,versesReferenced,verseCount,slug
God creates all things,1.0,The Creation,1001,,-4004,-4003,6d,1y,-4004,-4004,,"god_1324,jesus_905,holy_spirit_7400",,,"Gen.1.1,Gen.1.2,Gen.1.3,Gen.1.4,Gen.1.5,Gen.1.6,Gen.1.7,Gen.1.8,Gen.1.9,Gen.1.10,Gen.1.11,Gen.1.12,Gen.1.13,Gen.1.14,Gen.1.15,Gen.1.16,Gen.1.17,Gen.1.18,Gen.1.19,Gen.1.20,Gen.1.21,Gen.1.22,Gen.1.23,Gen.1.24,Gen.1.25,Gen.1.26,Gen.1.27,Gen.1.28,Gen.1.29,Gen.1.30,Gen.1.31,Gen.2.1,Gen.2.2,Gen.2.3",,34,the_creation
God creates man and woman,2.0,The Creation,1002,,-4004,-4003,1d,1y,-4004,-4004,God creates all things,"god_1324,adam_78,eve_1231",,"eden_354,pishon_951,tigris_1163,gihon_472","Gen.2.4,Gen.2.5,Gen.2.6,Gen.2.7,Gen.2.8,Gen.2.9,Gen.2.10,Gen.2.11,Gen.2.12,Gen.2.13,Gen.2.14,Gen.2.15,Gen.2.16,Gen.2.17,Gen.2.18,Gen.2.19,Gen.2.20,Gen.2.21,Gen.2.22,Gen.2.23,Gen.2.24,Gen.2.25",,22,the_creation
Man falls into sin,3.0,The Creation,1003,,-4004,-4003,1d,1y,-4004,-4004,God creates man and woman,"eve_1231,adam_78,satan_2476,god_1324",,eden_354,"Gen.3.1,Gen.3.2,Gen.3.3,Gen.3.4,Gen.3.5,Gen.3.6,Gen.3.7,Gen.3.8,Gen.3.9,Gen.3.10,Gen.3.11,Gen.3.12,Gen.3.13,Gen.3.14,Gen.3.15,Gen.3.16,Gen.3.17,Gen.3.18,Gen.3.19,Gen.3.20,Gen.3.21,Gen.3.22,Gen.3.23,Gen.3.24",,24,the_creation
Cain kills Abel,1.0,Cain and Abel,130001,,-3875,-3874,1d,0,-4003,-4003,Man falls into sin,"cain_533,abel_13",,,"Gen.4.1,Gen.4.2,Gen.4.3,Gen.4.4,Gen.4.5,Gen.4.6,Gen.4.7,Gen.4.8,Gen.4.9,Gen.4.10",,10,cain_and_abel
God curses Cain,2.0,Cain and Abel,130002,,-3875,-3874,1d,0,-4003,-4003,Cain kills Abel,cain_533,,"eden_354,nod_902","Gen.4.11,Gen.4.12,Gen.4.13,Gen.4.14,Gen.4.15,Gen.4.16",,6,cain_and_abel
God decides to destroy every living thing,1.0,The Flood,1537001,,-2468,-2467,1d,1y,-2448,-2448,,god_1324,,,"Gen.6.7,Gen.6.6,Gen.6.5,Gen.6.4,Gen.6.3,Gen.6.2,Gen.6.1",,7,the_flood
God instructs Noah to build the ark,1.0,The Flood,1605001,,-2400,-2399,1d,0,-2468,-2348,God decides to destroy every living thing,"noah_2210,god_1324",,,"Gen.6.9,Gen.6.10,Gen.6.11,Gen.6.12,Gen.6.13,Gen.6.14,Gen.6.15,Gen.6.16,Gen.6.17,Gen.6.18,Gen.6.19,Gen.6.20,Gen.6.21,Gen.6.22,Gen.7.1,Gen.7.2,Gen.7.3,Gen.7.4,Gen.6.8,Gen.7.5",,20,the_flood
The Great Flood begins,1.0,The Flood,1657001,,-2348,-2347,40d,1y,-2348,-2348,God instructs Noah to build the ark,"noah_2210,shem_2613,ham_1359,japheth_726",,,"Gen.7.10,Gen.7.6,Gen.7.7,Gen.7.8,Gen.7.9,Gen.7.11,Gen.7.12,Gen.7.13,Gen.7.14,Gen.7.15,Gen.7.16,Gen.7.17",,12,the_flood
Water covers the earth,2.0,The Flood,1657002,,-2348,-2347,150d,1y,-2348,-2348,The Great Flood begins,"noah_2210,shem_2613,ham_1359,japheth_726",,,"Gen.7.18,Gen.7.19,Gen.7.20,Gen.7.21,Gen.7.22,Gen.7.23,Gen.7.24",,7,the_flood
The flood subsides,1.0,The Flood,1658001,,-2347,-2346,220d,1y,-2347,-2347,Water covers the earth,"noah_2210,shem_2613,ham_1359,japheth_726",,,"Gen.8.1,Gen.8.2,Gen.8.3,Gen.8.4,Gen.8.5,Gen.8.6,Gen.8.7,Gen.8.8,Gen.8.9,Gen.8.10,Gen.8.11,Gen.8.12,Gen.8.13,Gen.8.14",,14,the_flood
Leaving the Ark,1.0,The Flood,1658001,,-2347,-2346,1d,1y,-2347,-2347,The flood subsides,"noah_2210,shem_2613,ham_1359,japheth_726",,ararat_86,"Gen.8.15,Gen.8.16,Gen.8.17,Gen.8.18,Gen.8.19",,5,the_flood
God makes a covenant with Noah,2.0,The Flood,1658002,,-2347,-2346,1d,1y,-2347,-2347,Leaving the Ark,"god_1324,noah_2210",,ararat_86,"Gen.8.20,Gen.8.21,Gen.8.22,Gen.9.1,Gen.9.2,Gen.9.3,Gen.9.4,Gen.9.5,Gen.9.6,Gen.9.7,Gen.9.8,Gen.9.9,Gen.9.10,Gen.9.11,Gen.9.12,Gen.9.13,Gen.9.14,Gen.9.15,Gen.9.16,Gen.9.17",,20,the_flood
Noah gets drunk and Canaan is cursed,1.0,The Flood,1659001,,-2346,-2345,1d,0,0,0,God makes a covenant with Noah,"noah_2210,shem_2613,ham_1359,japheth_726,canaan_914",,,"Gen.9.20,Gen.9.21,Gen.9.22,Gen.9.23,Gen.9.24,Gen.9.25,Gen.9.26,Gen.9.27",,8,the_flood
Languages are confused at Babel,1.0,Tower of Babel,1759001,,-2246,-2245,,0,-2247,-2247,,,,,"Gen.11.1,Gen.11.2,Gen.11.3,Gen.11.4,Gen.11.5,Gen.11.6,Gen.11.7,Gen.11.8,Gen.11.9",,9,tower_of_babel
The Holy Spirit is promised,1.0,Ascension,4037001,0033-05-15,33,33,1d,1d,33,33,,"jesus_905,god_1324,holy_spirit_7400",Apostles (The Eleven),olivet_907,"Acts.1.4,Acts.1.5",,2,ascension
Jesus ascends to Heaven,2.0,Ascension,4037002,0033-05-15,33,33,1d,1d,33,33,The Holy Spirit is promised,"jesus_905,god_1324",Apostles (The Eleven),olivet_907,"Acts.1.6,Acts.1.7,Acts.1.8,Acts.1.9,Acts.1.10,Acts.1.11",,6,ascension
Matthias replaces Judas,3.0,Ascension,4037003,0033-05-15,33,33,1d,1d,33,33,Jesus ascends to Heaven,"matthias_1972,barsabas_1720,mary_1938,lebbaeus_1815,simon_2746,alphaeus_192,matthew_1971,bartholomew_405,thomas_2851,philip_2344,andrew_264,john_1677,james_718,peter_2745","Apostles (The Eleven),Apostles (Post-Ascension)",jerusalem_636,"Acts.1.12,Acts.1.13,Acts.1.14,Acts.1.15,Acts.1.16,Acts.1.17,Acts.1.18,Acts.1.19,Acts.1.20,Acts.1.21,Acts.1.22,Acts.1.23,Acts.1.24,Acts.1.25,Acts.1.26",,15,ascension
The Holy Spirit comes,4.0,Pentecost/Church Founded,4037004,0033-05-25,33,33,1d,1d,33,33,Matthias replaces Judas,"god_1324,holy_spirit_7400",Apostles (Post-Ascension),jerusalem_636,"Acts.2.1,Acts.2.2,Acts.2.3,Acts.2.4,Acts.2.5,Acts.2.6,Acts.2.7,Acts.2.8,Acts.2.9,Acts.2.10,Acts.2.11,Acts.2.12,Acts.2.13",,13,pentecost_church_founded
Peter preaches at Pentecost,5.0,Pentecost/Church Founded,4037005,0033-05-25,33,33,1d,1d,33,33,The Holy Spirit comes,peter_2745,,jerusalem_636,"Acts.2.14,Acts.2.15,Acts.2.16,Acts.2.17,Acts.2.18,Acts.2.19,Acts.2.20,Acts.2.21,Acts.2.22,Acts.2.23,Acts.2.24,Acts.2.25,Acts.2.26,Acts.2.27,Acts.2.28,Acts.2.29,Acts.2.30,Acts.2.31,Acts.2.32,Acts.2.33,Acts.2.34,Acts.2.35,Acts.2.36,Acts.2.37,Acts.2.38,Acts.2.39,Acts.2.40,Acts.2.41",,28,pentecost_church_founded
The church grows,6.0,Pentecost/Church Founded,4037006,,33,33,,2y,33,33,Peter preaches at Pentecost,,,jerusalem_636,"Acts.2.42,Acts.2.43,Acts.2.44,Acts.2.45,Acts.2.46,Acts.2.47",,6,pentecost_church_founded
Lame man healed,7.0,Pentecost/Church Founded,4037007,,33,33,,2y,33,33,The church grows,"john_1677,peter_2745",,beautiful_gate_163,"Acts.3.1,Acts.3.2,Acts.3.3,Acts.3.4,Acts.3.5,Acts.3.6,Acts.3.7,Acts.3.8,Acts.3.9,Acts.3.10",,10,pentecost_church_founded
Peter preaches in Solomon's Portico,8.0,Pentecost/Church Founded,4037008,,33,33,,2y,33,33,Lame man healed,peter_2745,,solomons_portico_1109,"Acts.3.11,Acts.3.12,Acts.3.13,Acts.3.14,Acts.3.15,Acts.3.16,Acts.3.17,Acts.3.18,Acts.3.19,Acts.3.20,Acts.3.21,Acts.3.22,Acts.3.23,Acts.3.24,Acts.3.25,Acts.3.26",,16,pentecost_church_founded
Peter and John's Trial,9.0,Pentecost/Church Founded,4037009,,33,33,,2y,33,33,Peter preaches in Solomon's Portico,"john_1677,holy_spirit_7400,peter_2745,alexander_187,john_1678,caiaphas_532,annas_269",,jerusalem_636,"Acts.4.1,Acts.4.2,Acts.4.3,Acts.4.4,Acts.4.5,Acts.4.6,Acts.4.7,Acts.4.8,Acts.4.9,Acts.4.10,Acts.4.11,Acts.4.12,Acts.4.13,Acts.4.14,Acts.4.15,Acts.4.16,Acts.4.17,Acts.4.18,Acts.4.19,Acts.4.20,Acts.4.21,Acts.4.22",,22,pentecost_church_founded
Believers pray for boldness,10.0,Pentecost/Church Founded,4037010,,33,33,,2y,33,33,Peter and John's Trial,"holy_spirit_7400,god_1324",,jerusalem_636,"Acts.4.23,Acts.4.24,Acts.4.25,Acts.4.26,Acts.4.27,Acts.4.28,Acts.4.29,Acts.4.30,Acts.4.31",,9,pentecost_church_founded
Believers share all things,11.0,Pentecost/Church Founded,4037011,,33,33,,2y,33,33,Believers pray for boldness,barnabas_1722,,jerusalem_636,"Acts.4.32,Acts.4.33,Acts.4.34,Acts.4.35,Acts.4.36,Acts.4.37",,6,pentecost_church_founded
Ananias and Sapphira lie to God,12.0,Pentecost/Church Founded,4037012,,33,33,,2y,33,33,Believers share all things,"god_1324,holy_spirit_7400,satan_2476,peter_2745,sapphira_2472,ananias_258",,jerusalem_636,"Acts.5.1,Acts.5.2,Acts.5.3,Acts.5.4,Acts.5.5,Acts.5.6,Acts.5.7,Acts.5.8,Acts.5.9,Acts.5.10,Acts.5.11",,11,pentecost_church_founded
Apostles work signs and wonders in Solomon's Portico,13.0,Pentecost/Church Founded,4037013,,33,33,,2y,33,33,Ananias and Sapphira lie to God,peter_2745,Apostles (Post-Ascension),solomons_portico_1109,"Acts.5.12,Acts.5.13,Acts.5.14,Acts.5.15,Acts.5.16,Acts.5.17",,6,pentecost_church_founded
"Apostles arrested, put on trial",14.0,Persecution/First Martyr,4037014,,33,33,,2y,33,33,Apostles work signs and wonders in Solomon's Portico,peter_2745,Apostles (Post-Ascension),jerusalem_636,"Acts.5.18,Acts.5.19,Acts.5.20,Acts.5.21,Acts.5.22,Acts.5.23,Acts.5.24,Acts.5.25,Acts.5.26,Acts.5.27,Acts.5.28,Acts.5.29,Acts.5.30,Acts.5.31,Acts.5.32,Acts.5.33",,16,persecution_first_martyr
Gamaliel advises the counsel and Apostles freed,15.0,Persecution/First Martyr,4037015,,33,33,,2y,33,33,"""Apostles arrested, put on trial""",gamaliel_1277,Apostles (Post-Ascension),jerusalem_636,"Acts.5.34,Acts.5.35,Acts.5.36,Acts.5.37,Acts.5.38,Acts.5.39,Acts.5.40,Acts.5.41,Acts.5.42",,9,persecution_first_martyr
Seven chosen to serve,16.0,Persecution/First Martyr,4037016,,33,33,,2y,33,33,Gamaliel advises the counsel and Apostles freed,"nicolas_2205,parmenas_2272,timon_2862,nicanor_2203,prochorus_2371,philip_2347,stephen_2802,holy_spirit_7400",Apostles (Post-Ascension),jerusalem_636,"Acts.6.1,Acts.6.2,Acts.6.3,Acts.6.4,Acts.6.5,Acts.6.6,Acts.6.7",,7,persecution_first_martyr
Stephen is seized,17.0,Persecution/First Martyr,4037017,,33,33,,2y,33,33,Seven chosen to serve,stephen_2802,,jerusalem_636,"Acts.6.8,Acts.6.9,Acts.6.10,Acts.6.11,Acts.6.12,Acts.6.13,Acts.6.14,Acts.6.15",,8,persecution_first_martyr
Stephen addresses the council,18.0,Persecution/First Martyr,4037018,,33,33,,2y,33,33,Stephen is seized,stephen_2802,,jerusalem_636,"Acts.7.1,Acts.7.2,Acts.7.3,Acts.7.4,Acts.7.5,Acts.7.6,Acts.7.7,Acts.7.8,Acts.7.9,Acts.7.10,Acts.7.11,Acts.7.12,Acts.7.13,Acts.7.14,Acts.7.15,Acts.7.16,Acts.7.17,Acts.7.18,Acts.7.19,Acts.7.20,Acts.7.21,Acts.7.22,Acts.7.23,Acts.7.24,Acts.7.25,Acts.7.26,Acts.7.27,Acts.7.28,Acts.7.29,Acts.7.30,Acts.7.31,Acts.7.32,Acts.7.33,Acts.7.34,Acts.7.35,Acts.7.36,Acts.7.37,Acts.7.38,Acts.7.39,Acts.7.40,Acts.7.41,Acts.7.42,Acts.7.43,Acts.7.44,Acts.7.45,Acts.7.46,Acts.7.47,Acts.7.48,Acts.7.49,Acts.7.50,Acts.7.51,Acts.7.52,Acts.7.53",,53,persecution_first_martyr
Stephen is stoned,19.0,Persecution/First Martyr,4037019,,33,33,,2y,33,33,Stephen addresses the council,"stephen_2802,paul_2479",,jerusalem_636,"Acts.7.54,Acts.7.55,Acts.7.56,Acts.7.57,Acts.7.58,Acts.7.59,Acts.7.60",,7,persecution_first_martyr
Saul persecutes the church,1.0,Persecution/First Martyr,4038001,,34,34,,2y,34,34,Stephen is stoned,"paul_2479,stephen_2802",,jerusalem_636,"Acts.8.1,Acts.8.2,Acts.8.3",,3,persecution_first_martyr
Philip preaches in Samaria,2.0,Persecution/First Martyr,4038002,,34,34,,2y,34,34,Saul persecutes the church,"holy_spirit_7400,john_1677,peter_2745,simon_2752,philip_2347",,samaria_1022,"Acts.8.4,Acts.8.5,Acts.8.6,Acts.8.7,Acts.8.8,Acts.8.9,Acts.8.10,Acts.8.11,Acts.8.12,Acts.8.13,Acts.8.14,Acts.8.15,Acts.8.16,Acts.8.17,Acts.8.18,Acts.8.19,Acts.8.20,Acts.8.21,Acts.8.22,Acts.8.23,Acts.8.24,Acts.8.25",,22,persecution_first_martyr
Conversion of Ethiopian Eunuch,3.0,Persecution/First Martyr,4038003,,34,34,,2y,34,34,Philip preaches in Samaria,"holy_spirit_7400,candace_916,philip_2347",,gaza_446,"Acts.8.26,Acts.8.27,Acts.8.28,Acts.8.29,Acts.8.30,Acts.8.31,Acts.8.32,Acts.8.33,Acts.8.34,Acts.8.35,Acts.8.36,Acts.8.37,Acts.8.38,Acts.8.39,Acts.8.40",,15,persecution_first_martyr
Saul is converted,1.0,Saul Converted,4039001,,35,35,,2y,35,35,Conversion of Ethiopian Eunuch,"holy_spirit_7400,ananias_259,paul_2479",,"straight_1112,damascus_322","Acts.9.1,Acts.9.2,Acts.9.3,Acts.9.4,Acts.9.5,Acts.9.6,Acts.9.7,Acts.9.8,Acts.9.9,Acts.9.10,Acts.9.11,Acts.9.12,Acts.9.13,Acts.9.14,Acts.9.15,Acts.9.16,Acts.9.17,Acts.9.18,Acts.9.19",,19,saul_converted
Saul proclaims Jesus,2.0,Saul Converted,4039002,,35,35,,2y,35,35,Saul is converted,"holy_spirit_7400,barnabas_1722,paul_2479",,"tarsus_1140,caesarea_266,damascus_322,jerusalem_636","Acts.9.20,Acts.9.21,Acts.9.22,Acts.9.23,Acts.9.24,Acts.9.25,Acts.9.26,Acts.9.27,Acts.9.28,Acts.9.29,Acts.9.30,Acts.9.31",,12,saul_converted
Peter heals Aeneas and Dorcas,1.0,Peter and Cornelius,4045001,,41,41,,2y,35,35,Saul proclaims Jesus,"simon_2753,dorcas_2810,aeneas_106,peter_2745",,"joppa_652,saron_1063,lydda_741","Acts.9.32,Acts.9.33,Acts.9.34,Acts.9.35,Acts.9.36,Acts.9.37,Acts.9.38,Acts.9.39,Acts.9.40,Acts.9.41,Acts.9.42,Acts.9.43",,12,peter_and_cornelius
Peter meets Cornelius,2.0,Peter and Cornelius,4045002,,41,41,,2y,41,41,Peter heals Aeneas and Dorcas,"holy_spirit_7400,simon_2753,peter_2745,cornelius_956",,"joppa_652,caesarea_266","Acts.10.1,Acts.10.2,Acts.10.3,Acts.10.4,Acts.10.5,Acts.10.6,Acts.10.7,Acts.10.8,Acts.10.9,Acts.10.10,Acts.10.11,Acts.10.12,Acts.10.13,Acts.10.14,Acts.10.15,Acts.10.16,Acts.10.17,Acts.10.18,Acts.10.19,Acts.10.20,Acts.10.21,Acts.10.22,Acts.10.23,Acts.10.24,Acts.10.25,Acts.10.26,Acts.10.27,Acts.10.28,Acts.10.29,Acts.10.30,Acts.10.31,Acts.10.32,Acts.10.33",,33,peter_and_cornelius
Peter preaches to gentiles in Caesarea,3.0,Peter and Cornelius,4045003,,41,41,,2y,41,41,Peter meets Cornelius,"holy_spirit_7400,peter_2745",,caesarea_266,"Acts.10.34,Acts.10.35,Acts.10.36,Acts.10.37,Acts.10.38,Acts.10.39,Acts.10.40,Acts.10.41,Acts.10.42,Acts.10.43,Acts.10.44,Acts.10.45,Acts.10.46,Acts.10.47,Acts.10.48",,15,peter_and_cornelius
Peter defends Gentile salvation,4.0,Peter and Cornelius,4045004,,41,41,,2y,41,41,Peter preaches to gentiles in Caesarea,peter_2745,,jerusalem_636,"Acts.11.1,Acts.11.2,Acts.11.3,Acts.11.4,Acts.11.5,Acts.11.6,Acts.11.7,Acts.11.8,Acts.11.9,Acts.11.10,Acts.11.11,Acts.11.12,Acts.11.13,Acts.11.14,Acts.11.15,Acts.11.16,Acts.11.17,Acts.11.18",,18,peter_and_cornelius
Disciples first called Christians,5.0,Church founded at Antioch,4045005,,41,41,,2y,41,43,Peter defends Gentile salvation,"agabus_107,paul_2479,barnabas_1722",,antioch_68,"Acts.11.19,Acts.11.20,Acts.11.21,Acts.11.22,Acts.11.23,Acts.11.24,Acts.11.25,Acts.11.26,Acts.11.27,Acts.11.28,Acts.11.29,Acts.11.30",,12,church_founded_at_antioch
Herod kills James,1.0,Herod's persecution of James and Peter,4047001,,43,43,,2y,44,44,Disciples first called Christians,"james_717,herod_1506",,judea_657,"Acts.12.1,Acts.12.2",,2,herods_persecution_of_james_and_peter
Herod imprisons Peter,2.0,Herod's persecution of James and Peter,4047002,,43,43,,2y,44,44,Herod kills James,"peter_2745,herod_1506",,judea_657,"Acts.12.3,Acts.12.4,Acts.12.5",,3,herods_persecution_of_james_and_peter
An angel rescues Peter from prison,3.0,Herod's persecution of James and Peter,4047003,,43,43,,2y,44,44,Herod imprisons Peter,"james_719,rhoda_2439,mary_1941,peter_2745,herod_1506",,judea_657,"Acts.12.6,Acts.12.7,Acts.12.8,Acts.12.9,Acts.12.10,Acts.12.11,Acts.12.12,Acts.12.13,Acts.12.14,Acts.12.15,Acts.12.16,Acts.12.17,Acts.12.18,Acts.12.19",,14,herods_persecution_of_james_and_peter
Herod dies,4.0,Herod's persecution of James and Peter,4047004,,43,43,,2y,44,44,An angel rescues Peter from prison,herod_1506,,caesarea_266,"Acts.12.20,Acts.12.21,Acts.12.22,Acts.12.23",,4,herods_persecution_of_james_and_peter
First missionary journey begins,1.0,First Missionary Journey,4052001,0048-04-01,48,48,,1m,44,45,Herod dies,"holy_spirit_7400,manaen_1926,lucius_1833,simeon_2744,mark_1679,paul_2479,barnabas_1722",,antioch_68,"Acts.12.24,Acts.12.25,Acts.13.1,Acts.13.2,Acts.13.3",,5,first_missionary_journey
Barnabas and Saul go to Cyprus,2.0,First Missionary Journey,4052002,0048-04-01,48,48,,1m,45,45,First missionary journey begins,"elymas_403,paul_2479,barnabas_1722,sergius_2502,mark_1679",,"paphos_919,salamis_1016,cyprus_316,seleucia_1045","Acts.13.4,Acts.13.5,Acts.13.6,Acts.13.7,Acts.13.8,Acts.13.9,Acts.13.10,Acts.13.11,Acts.13.12",,9,first_missionary_journey
Mission to Antioch in Pisidia,3.0,First Missionary Journey,4052003,0048-07-01,48,48,3m,1m,45,45,Barnabas and Saul go to Cyprus,"barnabas_1722,mark_1679,paul_2479",,"iconium_590,antioch_69,paphos_919,jerusalem_636,pamphylia_918,perga_936","Acts.13.13,Acts.13.14,Acts.13.15,Acts.13.16,Acts.13.17,Acts.13.18,Acts.13.19,Acts.13.20,Acts.13.21,Acts.13.22,Acts.13.23,Acts.13.24,Acts.13.25,Acts.13.26,Acts.13.27,Acts.13.28,Acts.13.29,Acts.13.30,Acts.13.31,Acts.13.32,Acts.13.33,Acts.13.34,Acts.13.35,Acts.13.36,Acts.13.37,Acts.13.38,Acts.13.39,Acts.13.40,Acts.13.41,Acts.13.42,Acts.13.43,Acts.13.44,Acts.13.45,Acts.13.46,Acts.13.47,Acts.13.48,Acts.13.49,Acts.13.50,Acts.13.51,Acts.13.52",,40,first_missionary_journey
Mission to Iconium,1.0,First Missionary Journey,4053001,0048-10-01,49,49,5m,1m,46,46,Mission to Antioch in Pisidia,"paul_2479,barnabas_1722",,iconium_590,"Acts.14.1,Acts.14.2,Acts.14.3,Acts.14.4,Acts.14.5",,5,first_missionary_journey
Mission to Lystra and Derbe,2.0,First Missionary Journey,4053002,0049-03-01,49,49,4m,1m,46,46,Mission to Iconium,"barnabas_1722,paul_2479",,"derbe_330,lystra_742","Acts.14.6,Acts.14.7,Acts.14.8,Acts.14.9,Acts.14.10,Acts.14.11,Acts.14.12,Acts.14.13,Acts.14.14,Acts.14.15,Acts.14.16,Acts.14.17,Acts.14.18,Acts.14.19,Acts.14.20",,15,first_missionary_journey
Return to Antioch in Syria,3.0,First Missionary Journey,4053003,0049-08-01,49,49,,1m,46,46,Mission to Lystra and Derbe,"barnabas_1722,paul_2479",,"antioch_68,perga_936,attalia_120,pamphylia_918,pisidia_952,iconium_590,lystra_742,antioch_69","Acts.14.21,Acts.14.22,Acts.14.23,Acts.14.24,Acts.14.25,Acts.14.26,Acts.14.27,Acts.14.28",,8,first_missionary_journey
Paul Writes Galations,4.0,First Missionary Journey,4053004,0049-10-01,49,49,,3m,0,0,,paul_2479,,,,,0,first_missionary_journey
Jerusalem Council,5.0,Second Missionary Journey,4053005,,49,49,,1y,51,51,Return to Antioch in Syria,"silas_2740,judas_1759,james_719,peter_2745,barnabas_1722,paul_2479",Apostles (Post-Ascension),jerusalem_636,"Acts.15.1,Acts.15.2,Acts.15.3,Acts.15.4,Acts.15.5,Acts.15.6,Acts.15.7,Acts.15.8,Acts.15.9,Acts.15.10,Acts.15.11,Acts.15.12,Acts.15.13,Acts.15.14,Acts.15.15,Acts.15.16,Acts.15.17,Acts.15.18,Acts.15.19,Acts.15.20,Acts.15.21,Acts.15.22,Acts.15.23,Acts.15.24,Acts.15.25,Acts.15.26,Acts.15.27,Acts.15.28,Acts.15.29,Acts.15.30,Acts.15.31,Acts.15.32,Acts.15.33,Acts.15.34",,34,second_missionary_journey
Paul and Barnabas part ways,6.0,Second Missionary Journey,4053006,,49,49,,1y,51,51,Jerusalem Council,"mark_1679,barnabas_1722,paul_2479",,"cyprus_316,antioch_68","Acts.15.35,Acts.15.36,Acts.15.37,Acts.15.38,Acts.15.39",,5,second_missionary_journey
Second Missionary Journey begins,1.0,Second Missionary Journey,4054001,0050-04-01,50,50,1m,1m,51,51,Paul and Barnabas part ways,"silas_2740,paul_2479",,"syria_1122,cilicia_300,antioch_68","Acts.15.40,Acts.15.41",,2,second_missionary_journey
Timothy Joins Paul and Silas,2.0,Second Missionary Journey,4054002,0050-05-01,50,50,1m,1m,53,53,Second Missionary Journey begins,"paul_2479,timotheus_2863,silas_2740",,"lystra_742,derbe_330","Acts.16.1,Acts.16.2,Acts.16.3,Acts.16.4,Acts.16.5",,5,second_missionary_journey
"Mission to Phrygia, Galatia and Asia",3.0,Second Missionary Journey,4054003,0050-06-01,50,50,1m,1m,53,53,Timothy Joins Paul and Silas,"timotheus_2863,paul_2479,silas_2740,holy_spirit_7400",,"troas_1182,mysia_865,asia_108,galatia_431,phrygia_946","Acts.16.6,Acts.16.7,Acts.16.8",,3,second_missionary_journey
Call to Macedonia,4.0,Second Missionary Journey,4054004,0050-07-01,50,50,4m,1m,53,53,"""Mission to Phrygia, Galatia and Asia""","paul_2479,timotheus_2863,silas_2740,luke_1836",,"philippi_942,neapolis_880,samothrace_1025,troas_1182,macedonia_747","Acts.16.9,Acts.16.10,Acts.16.11,Acts.16.12",,4,second_missionary_journey
Lydia's Conversion,5.0,Second Missionary Journey,4054005,,50,50,,1m,53,53,Call to Macedonia,"paul_2479,lydia_1837,timotheus_2863,silas_2740,luke_1836",,philippi_942,"Acts.16.13,Acts.16.14,Acts.16.15",,3,second_missionary_journey
Paul casts demon out of soothsayer,6.0,Second Missionary Journey,4054006,,50,50,,1m,53,53,Lydia's Conversion,"paul_2479,timotheus_2863,silas_2740,luke_1836",,philippi_942,"Acts.16.16,Acts.16.17,Acts.16.18",,3,second_missionary_journey
Paul and Silas imprisoned,7.0,Second Missionary Journey,4054007,,50,50,,1m,53,53,Paul casts demon out of soothsayer,"silas_2740,paul_2479",,philippi_942,"Acts.16.19,Acts.16.20,Acts.16.21,Acts.16.22,Acts.16.23,Acts.16.24",,6,second_missionary_journey
Philippian jailer converted,8.0,Second Missionary Journey,4054008,,50,50,,1m,53,53,Paul and Silas imprisoned,"silas_2740,paul_2479",,philippi_942,"Acts.16.25,Acts.16.26,Acts.16.27,Acts.16.28,Acts.16.29,Acts.16.30,Acts.16.31,Acts.16.32,Acts.16.33,Acts.16.34",,10,second_missionary_journey
Paul and Silas released,9.0,Second Missionary Journey,4054009,,50,50,,1m,53,53,Philippian jailer converted,"lydia_1837,paul_2479,silas_2740",,philippi_942,"Acts.16.35,Acts.16.36,Acts.16.37,Acts.16.38,Acts.16.39,Acts.16.40",,6,second_missionary_journey
Uproar in Thessalonica,10.0,Second Missionary Journey,4054010,0050-11-01,50,50,3m,1m,53,53,Paul and Silas released,"jason_742,silas_2740,paul_2479",,thessalonica_1158,"Acts.17.1,Acts.17.2,Acts.17.3,Acts.17.4,Acts.17.5,Acts.17.6,Acts.17.7,Acts.17.8,Acts.17.9",,9,second_missionary_journey
Mission to Berea,1.0,Second Missionary Journey,4055001,0051-02-01,51,51,1m,1m,53,53,Uproar in Thessalonica,"timotheus_2863,silas_2740,paul_2479",,berea_177,"Acts.17.10,Acts.17.11,Acts.17.12,Acts.17.13,Acts.17.14,Acts.17.15",,6,second_missionary_journey
Paul preaches in Athens,2.0,Second Missionary Journey,4055002,0051-02-15,51,51,,2m,53,53,Mission to Berea,"damaris_972,dionysius_1013,paul_2479",,"areopagus_87,athens_118","Acts.17.16,Acts.17.17,Acts.17.18,Acts.17.19,Acts.17.20,Acts.17.21,Acts.17.22,Acts.17.23,Acts.17.24,Acts.17.25,Acts.17.26,Acts.17.27,Acts.17.28,Acts.17.29,Acts.17.30,Acts.17.31,Acts.17.32,Acts.17.33,Acts.17.34",,19,second_missionary_journey
"Mission to Corinth, 1&2 Thess Written",3.0,Second Missionary Journey,4055003,0051-03-01,51,51,19m,1m,54,54,Paul preaches in Athens,"sosthenes_2772,gallio_1275,crispus_961,justus_1766,timotheus_2863,silas_2740,priscilla_2370,aquila_279,paul_2479",,"achaia_16,corinth_306","Acts.18.1,Acts.18.2,Acts.18.3,Acts.18.4,Acts.18.5,Acts.18.6,Acts.18.7,Acts.18.8,Acts.18.9,Acts.18.10,Acts.18.11,Acts.18.12,Acts.18.13,Acts.18.14,Acts.18.15,Acts.18.16,Acts.18.17",,17,second_missionary_journey
Return from Second Missionary Journey,1.0,Second Missionary Journey,4056001,0052-09-01,52,52,1m,1m,54,54,"""Mission to Corinth, 1&2 Thess Written""","aquila_279,priscilla_2370,paul_2479",,"phrygia_946,galatia_431,caesarea_266,antioch_68,ephesus_400,syria_1122,cenchreae_281","Acts.18.18,Acts.18.19,Acts.18.20,Acts.18.21,Acts.18.22,Acts.18.23",,6,second_missionary_journey
Third Missionary Journey Begins,1.0,Third Missionary Journey,4057001,0053-04-01,53,53,4m,3m,54,54,Return from Second Missionary Journey,"priscilla_2370,aquila_279,apollos_276",,"achaia_16,ephesus_400","Acts.18.24,Acts.18.25,Acts.18.26,Acts.18.27,Acts.18.28",,5,third_missionary_journey
Mission to Ephesus/1 Cor Written,2.0,Third Missionary Journey,4057002,0053-09-01,53,53,2.5y,1m,58,58,Third Missionary Journey Begins,"erastus_1213,timotheus_2863,sceva_2480,tyrannus_2886,paul_2479",,"asia_108,ephesus_400","Acts.19.1,Acts.19.2,Acts.19.3,Acts.19.4,Acts.19.5,Acts.19.6,Acts.19.7,Acts.19.8,Acts.19.9,Acts.19.10,Acts.19.11,Acts.19.12,Acts.19.13,Acts.19.14,Acts.19.15,Acts.19.16,Acts.19.17,Acts.19.18,Acts.19.19,Acts.19.20,Acts.19.21,Acts.19.22",,22,third_missionary_journey
Riot in Ephesus,1.0,Third Missionary Journey,4060001,0056-05-01,56,56,,1m,58,58,Mission to Ephesus/1 Cor Written,"alexander_188,aristarchus_306,gaius_1269,paul_2479,demetrius_1007",,"asia_108,ephesus_400","Acts.19.23,Acts.19.24,Acts.19.25,Acts.19.26,Acts.19.27,Acts.19.28,Acts.19.29,Acts.19.30,Acts.19.31,Acts.19.32,Acts.19.33,Acts.19.34,Acts.19.35,Acts.19.36,Acts.19.37,Acts.19.38,Acts.19.39,Acts.19.40,Acts.19.41",,19,third_missionary_journey
Mission to Macedonia and Greece,1.0,Third Missionary Journey,4060001,0056-06-01,"56,57",56,1y,1m,60,60,Riot in Ephesus,"trophimus_2880,tychicus_2885,timotheus_2863,gaius_1270,secundus_2482,aristarchus_306,sopater_2770,paul_2479,luke_1836",,"philippi_942,troas_1182,greece_495,macedonia_747","Acts.20.1,Acts.20.2,Acts.20.3,Acts.20.4,Acts.20.5,Acts.20.6",,6,third_missionary_journey
Paul sent to Felix,1.0,Paul Arrested and Imprisoned,4061001,,"57,58,59",57,3y,1y,60,60,The conspiracy to kill Paul,"portius_2367,drusilla_1024,tertullus_2844,ananias_260,claudius_948,felix_1257,paul_2479",,"antipatris_70,caesarea_266","Acts.23.23,Acts.23.24,Acts.23.25,Acts.23.26,Acts.23.27,Acts.23.28,Acts.23.29,Acts.23.30,Acts.23.31,Acts.23.32,Acts.23.33,Acts.23.34,Acts.23.35,Acts.24.1,Acts.24.2,Acts.24.3,Acts.24.4,Acts.24.5,Acts.24.6,Acts.24.7,Acts.24.8,Acts.24.9,Acts.24.10,Acts.24.11,Acts.24.12,Acts.24.13,Acts.24.14,Acts.24.15,Acts.24.16,Acts.24.17,Acts.24.18,Acts.24.19,Acts.24.20,Acts.24.21,Acts.24.22,Acts.24.23,Acts.24.24,Acts.24.25,Acts.24.26,Acts.24.27",,40,paul_arrested_and_imprisoned
Eutychus revived,2.0,Third Missionary Journey,4061002,0057-04-19,57,57,1d,7d,60,60,Mission to Macedonia and Greece,"eutychus_1230,paul_2479,luke_1836",,troas_1182,"Acts.20.7,Acts.20.8,Acts.20.9,Acts.20.10,Acts.20.11,Acts.20.12",,6,third_missionary_journey
Paul appeals to Caesar,2.0,Paul Arrested and Imprisoned,4061002,,"57,58,59",57,,1y,62,62,Paul sent to Felix,"paul_2479,portius_2367",,caesarea_266,"Acts.25.1,Acts.25.2,Acts.25.3,Acts.25.4,Acts.25.5,Acts.25.6,Acts.25.7,Acts.25.8,Acts.25.9,Acts.25.10,Acts.25.11,Acts.25.12",,12,paul_arrested_and_imprisoned
Voyage to Miletus,3.0,Third Missionary Journey,4061003,0057-04-20,57,57,1w,1m,60,60,Eutychus revived,"paul_2479,luke_1836",,"asia_108,chios_296,miletus_801,samos_1024,mitylene_808,assos_110,trogyllium_1278","Acts.20.13,Acts.20.14,Acts.20.15,Acts.20.16",,4,third_missionary_journey
Agrippa and Bernice meet Festus,3.0,Paul Arrested and Imprisoned,4061003,,"57,58,59",57,,1y,62,62,Paul appeals to Caesar,"augustus_366,paul_2479,portius_2367,bernice_482,agrippa_111",,caesarea_266,"Acts.25.13,Acts.25.14,Acts.25.15,Acts.25.16,Acts.25.17,Acts.25.18,Acts.25.19,Acts.25.20,Acts.25.21",,9,paul_arrested_and_imprisoned
Paul speaks to Ephesian Elders,4.0,Third Missionary Journey,4061004,0057-04-29,57,57,4d,1m,60,60,Voyage to Miletus,"paul_2479,luke_1836",,miletus_801,"Acts.20.17,Acts.20.18,Acts.20.19,Acts.20.20,Acts.20.21,Acts.20.22,Acts.20.23,Acts.20.24,Acts.20.25,Acts.20.26,Acts.20.27,Acts.20.28,Acts.20.29,Acts.20.30,Acts.20.31,Acts.20.32,Acts.20.33,Acts.20.34,Acts.20.35,Acts.20.36,Acts.20.37,Acts.20.38",,22,third_missionary_journey
Paul goes before Agrippa,4.0,Paul Arrested and Imprisoned,4061004,,"57,58,59",57,,1y,62,62,Agrippa and Bernice meet Festus,"augustus_366,paul_2479,bernice_482,portius_2367,agrippa_111",,caesarea_266,"Acts.25.22,Acts.25.23,Acts.25.24,Acts.25.25,Acts.25.26,Acts.25.27,Acts.26.1,Acts.26.2,Acts.26.3,Acts.26.4,Acts.26.5,Acts.26.6,Acts.26.7,Acts.26.8,Acts.26.9,Acts.26.10,Acts.26.11,Acts.26.12,Acts.26.13,Acts.26.14,Acts.26.15,Acts.26.16,Acts.26.17,Acts.26.18,Acts.26.19,Acts.26.20,Acts.26.21,Acts.26.22,Acts.26.23,Acts.26.24,Acts.26.25,Acts.26.26,Acts.26.27,Acts.26.28,Acts.26.29,Acts.26.30,Acts.26.31,Acts.26.32",,38,paul_arrested_and_imprisoned
Voyage from Miletus to Jerusalem,5.0,Third Missionary Journey,4061005,0057-05-03,57,57,1m,1m,60,60,Paul speaks to Ephesian Elders,"mnason_2102,agabus_107,philip_2347,paul_2479,luke_1836",,"judea_657,caesarea_266,ptolemais_959,jerusalem_636,tyre_1184,syria_1122,cyprus_316,phenicia_944,patara_924,rhodes_1000,coos_308","Acts.21.1,Acts.21.2,Acts.21.3,Acts.21.4,Acts.21.5,Acts.21.6,Acts.21.7,Acts.21.8,Acts.21.9,Acts.21.10,Acts.21.11,Acts.21.12,Acts.21.13,Acts.21.14,Acts.21.15,Acts.21.16,Acts.21.17",,17,third_missionary_journey
Paul visits elders in Jerusalem,6.0,Paul Arrested and Imprisoned,4061006,,57,57,,1y,60,60,Voyage from Miletus to Jerusalem,"james_719,paul_2479,luke_1836",,jerusalem_636,"Acts.21.18,Acts.21.19,Acts.21.20,Acts.21.21,Acts.21.22,Acts.21.23,Acts.21.24,Acts.21.25,Acts.21.26",,9,paul_arrested_and_imprisoned
Paul arrested in the Temple,7.0,Paul Arrested and Imprisoned,4061007,,57,57,,1y,60,60,Paul visits elders in Jerusalem,"paul_2479,trophimus_2880",,jerusalem_636,"Acts.21.27,Acts.21.28,Acts.21.29,Acts.21.30,Acts.21.31,Acts.21.32,Acts.21.33,Acts.21.34,Acts.21.35,Acts.21.36",,10,paul_arrested_and_imprisoned
Paul gives his testimony,8.0,Paul Arrested and Imprisoned,4061008,,57,57,,1y,60,60,Paul arrested in the Temple,paul_2479,,jerusalem_636,"Acts.21.37,Acts.21.38,Acts.21.39,Acts.21.40,Acts.22.1,Acts.22.2,Acts.22.3,Acts.22.4,Acts.22.5,Acts.22.6,Acts.22.7,Acts.22.8,Acts.22.9,Acts.22.10,Acts.22.11,Acts.22.12,Acts.22.13,Acts.22.14,Acts.22.15,Acts.22.16,Acts.22.17,Acts.22.18,Acts.22.19,Acts.22.20,Acts.22.21,Acts.22.22,Acts.22.23,Acts.22.24,Acts.22.25,Acts.22.26,Acts.22.27,Acts.22.28,Acts.22.29",,33,paul_arrested_and_imprisoned
Paul goes before the Council,9.0,Paul Arrested and Imprisoned,4061009,,57,57,,1y,60,60,Paul gives his testimony,"ananias_260,paul_2479",,jerusalem_636,"Acts.22.30,Acts.23.1,Acts.23.2,Acts.23.3,Acts.23.4,Acts.23.5,Acts.23.6,Acts.23.7,Acts.23.8,Acts.23.9,Acts.23.10,Acts.23.11",,12,paul_arrested_and_imprisoned
The conspiracy to kill Paul,10.0,Paul Arrested and Imprisoned,4061010,,57,57,,1y,60,60,Paul goes before the Council,paul_2479,,jerusalem_636,"Acts.23.12,Acts.23.13,Acts.23.14,Acts.23.15,Acts.23.16,Acts.23.17,Acts.23.18,Acts.23.19,Acts.23.20,Acts.23.21,Acts.23.22",,11,paul_arrested_and_imprisoned
Journey to Rome begins,5.0,Journey to Rome,4063005,,59,59,,1y,62,62,Paul goes before Agrippa,"aristarchus_306,julius_1763,paul_2479,luke_1836",,"phenice_945,lasea_717,fair_havens_424,crete_310,cnidus_304,salmone_1020,alexandria_46,cilicia_300,lycia_740,myra_864,pamphylia_918,cyprus_316,sidon_1093,asia_108,adramyttium_29,italy_601","Acts.27.1,Acts.27.2,Acts.27.3,Acts.27.4,Acts.27.5,Acts.27.6,Acts.27.7,Acts.27.8,Acts.27.9,Acts.27.10,Acts.27.11,Acts.27.12",,12,journey_to_rome
Paul is shipwrecked by a storm,6.0,Journey to Rome,4063006,,59,59,,1y,62,62,Journey to Rome begins,"paul_2479,julius_1763,aristarchus_306,luke_1836",,"adria_30,syrtis_1123,clauda_280,crete_310","Acts.27.13,Acts.27.14,Acts.27.15,Acts.27.16,Acts.27.17,Acts.27.18,Acts.27.19,Acts.27.20,Acts.27.21,Acts.27.22,Acts.27.23,Acts.27.24,Acts.27.25,Acts.27.26,Acts.27.27,Acts.27.28,Acts.27.29,Acts.27.30,Acts.27.31,Acts.27.32,Acts.27.33,Acts.27.34,Acts.27.35,Acts.27.36,Acts.27.37,Acts.27.38,Acts.27.39,Acts.27.40,Acts.27.41,Acts.27.42,Acts.27.43,Acts.27.44",,32,journey_to_rome
Paul stays at Malta,1.0,Journey to Rome,4064001,,60,60,,1y,62,62,Paul is shipwrecked by a storm,"publius_2374,paul_2479,julius_1763,aristarchus_306,luke_1836",,melita_761,"Acts.28.1,Acts.28.2,Acts.28.3,Acts.28.4,Acts.28.5,Acts.28.6,Acts.28.7,Acts.28.8,Acts.28.9,Acts.28.10",,10,journey_to_rome
Paul's First Roman imprisonment,1.0,Journey to Rome,4064001,,"62,61,60",60,3y,2y,62,62,Paul arrives at Rome,"paul_2479,luke_1836",,rome_1013,"Acts.28.17,Acts.28.18,Acts.28.19,Acts.28.20,Acts.28.21,Acts.28.22,Acts.28.23,Acts.28.24,Acts.28.25,Acts.28.26,Acts.28.27,Acts.28.28,Acts.28.29,Acts.28.30,Acts.28.31",,15,journey_to_rome
Paul arrives at Rome,2.0,Journey to Rome,4064002,,60,60,,1y,62,62,Paul stays at Malta,"paul_2479,julius_1763,aristarchus_306,luke_1836",,"three_taverns_1159,appii_forum_427,rome_1013,puteoli_963,rhegium_999,syracuse_1121","Acts.28.11,Acts.28.12,Acts.28.13,Acts.28.14,Acts.28.15,Acts.28.16",,6,journey_to_rome